score,subreddit,title,author,published,link,matched_keywords,content_preview
5,AgencyAutomation,"Automation expert available for new builds (n8n, AI, Python)",/u/Shoddy_Branch5364,2026-02-06T21:55:34+00:00,https://www.reddit.com/r/AgencyAutomation/comments/1qxv74l/automation_expert_available_for_new_builds_n8n_ai/,"manual process, workflow, integration, automate, automation","I’m an automation developer specializing in n8n, AI integrations, and custom workflows. If you have a manual process you want to automate or a workflow that needs building, I can help you get it runni"
5,AiForSmallBusiness,Top 5 No-Code Voice AI Platforms for 2026,/u/SummerTricky2498,2026-02-06T18:38:00+00:00,https://www.reddit.com/r/AiForSmallBusiness/comments/1qxpy08/top_5_nocode_voice_ai_platforms_for_2026/,"workflow, losing track, analytics, integration, automation",What are no-code AI voice platforms? No-code voice AI platforms help teams deploy phone automation without building a bespoke telephony and orchestration stack. Recent improvements in speech recogniti
4,ADHDentrepreneurs,ADHD-Friendly Content Strategy Pending...,/u/Sweaty_Listen2684,2025-10-15T10:07:44+00:00,https://www.reddit.com/r/ADHDentrepreneurs/comments/1o76z5s/adhdfriendly_content_strategy_pending/,"workflow, bottleneck, hundreds of, automation","Thought Process I struggle with consistency. Well, I struggle with a lot of things... Anyway, I can start something, be totally gung ho for it and focused, doing whatever that is (this example is crea"
4,AgencyAutomation,Spending 40+ hours a week vetting creators on CreatorIQ/HypeAuditor. There has to be a better way?,/u/Ok-Fan9970,2026-01-07T19:44:45+00:00,https://www.reddit.com/r/AgencyAutomation/comments/1q6phl0/spending_40_hours_a_week_vetting_creators_on/,"bottleneck, there has to be a better way, mass, automate","My agency is hitting a massive bottleneck. We’re currently drowning in manual vetting, spending days going through 1,000+ creators for every brand we onboard. We use the standard tech stack (CreatorIQ"
3,AgencyAutomation,Agency folks - what's the most annoying part of your day that you wish just... worked?,/u/NecessaryCookie6210,2026-01-13T10:06:09+00:00,https://www.reddit.com/r/AgencyAutomation/comments/1qbnk8c/agency_folks_whats_the_most_annoying_part_of_your/,"manually updating, doing this manually, automate","Been working in SEO for a while now and I'm constantly amazed at how much time gets spent on stuff that feels like it should be automated by now. Like, just this week I saw someone spend 3 hours manua"
3,AgencyRideAlong,How are you guys using multiple AI tools inside your agency workflows?,/u/epasou,2025-11-18T09:03:21+00:00,https://www.reddit.com/r/AgencyRideAlong/comments/1p0768k/how_are_you_guys_using_multiple_ai_tools_inside/,"workflow, reporting, analytics","Running an agency means juggling a lot — content, ads, reporting, client communication, strategy… and I’ve noticed that different AI models are surprisingly good at different parts of the process. The"
3,AgencyRideAlong,Founders — Would this “Revenue Growth Engine” be a viable business?,/u/Dasspragun,2025-09-09T03:57:34+00:00,https://www.reddit.com/r/AgencyRideAlong/comments/1nc8z1f/founders_would_this_revenue_growth_engine_be_a/,"reporting, automate, automation","I’ve been working on a productized service for digital marketing agencies. The idea is simple: fix the front-end revenue leaks (leads, follow-up, proposals) first, then automate ops behind it. Here’s "
3,AgencyRideAlong,Need advice: Starting an AI/IT Automation Agency - SaaS tools vs. Azure ecosystem?,/u/Lopsided_Chard5745,2025-01-10T21:08:48+00:00,https://www.reddit.com/r/AgencyRideAlong/comments/1hyf1ds/need_advice_starting_an_aiit_automation_agency/,"integration, automate, automation","Hi everyone, I’m in the process of starting my own AI/IT automation agency. My target clients are medium-sized businesses in Germany that are already heavily integrated into Microsoft products (e.g., "
3,AiForSmallBusiness,I built a visual library of 50+ automation use cases to help founders spot inefficiency.,/u/Empty_Ad_9654,2026-02-06T12:45:09+00:00,https://www.reddit.com/r/AiForSmallBusiness/comments/1qxgn5v/i_built_a_visual_library_of_50_automation_use/,"workflow, automate, automation","Stop guessing what to automate. Most founders know they should use AI and automation, but they get stuck because they don't know what a high-value workflow actually looks like in their specific indust"
2,Entrepreneur,"Started freelancing and found my first clients, looking for advice on how to improve my workflow and offer",/u/essence_scape,2026-02-07T18:09:18+00:00,https://www.reddit.com/r/Entrepreneur/comments/1qykv0m/started_freelancing_and_found_my_first_clients/,"streamline, workflow","Currently on a very exhilarating part of my journey, after much thinking and hesitation i decided to start my own freelance business. Before this point I've mostly work within the restaurant industry "
2,Entrepreneur,Is anyone actually seeing good recovery rates with just automated emails?,/u/Plus_Cockroach2896,2026-02-07T13:42:34+00:00,https://www.reddit.com/r/Entrepreneur/comments/1qye4fr/is_anyone_actually_seeing_good_recovery_rates/,"automate, automation",I’ve been analyzing some Shopify data and it feels like the standard 'Abandoned Cart' automated emails are getting lower open rates this year. I've been experimenting with the idea of 'Manual Recovery
2,SaaS,I audit AI implementations for SaaS companies - AMA about avoiding expensive mistakes,/u/StrikingMagazine9146,2026-02-07T18:32:55+00:00,https://www.reddit.com/r/SaaS/comments/1qylhuu/i_audit_ai_implementations_for_saas_companies_ama/,"thousands of, automation",I've spent the last 18 months auditing AI projects for SaaS companies. I've seen teams waste anywhere from $50k to $2M building features that either nobody uses or could have been solved with basic au
2,SaaS,"Agent platforms (Frontier, Cowork) feel like the new SaaS battleground",/u/aditalreadytaken,2026-02-07T18:20:16+00:00,https://www.reddit.com/r/SaaS/comments/1qyl5ii/agent_platforms_frontier_cowork_feel_like_the_new/,"workflow, integration","We’ve had SaaS apps. Then SaaS suites. Now it looks like agent platforms are becoming the control plane: onboarding, permissions, boundaries, and connecting to internal tools. Questions: Will SaaS bec"
2,smallbusiness,What's the most expensive mistake you made by losing track of a client relationship?,/u/LeftyFrizzle4,2026-02-07T19:28:35+00:00,https://www.reddit.com/r/smallbusiness/comments/1qymyba/whats_the_most_expensive_mistake_you_made_by/,"losing track, mass","I'll go first. When I was running my consulting firm, I had a client I'd done two solid projects for. Good relationship, good margins, they paid on time. After the second project wrapped, I meant to c"
2,3DprintEntrepreneurs,Updated The Sub Wiki with about 20 Tools for your 3D Printing Business,/u/rocketboss,2026-01-18T00:40:29+00:00,https://www.reddit.com/r/3DprintEntrepreneurs/comments/1qftywq/updated_the_sub_wiki_with_about_20_tools_for_your/,"mass, automate",Pasting it below in this post. But they will be added to the wiki on the regular. Let us know what other tools out there have been useful. Business Operations  3D Print Price Calculator: 3dprintpricec
2,AIinBusinessNews,How to Automate Your Workflow Using Agent Mode in Excel,/u/ai_tech_simp,2026-02-02T21:27:32+00:00,https://www.reddit.com/r/AIinBusinessNews/comments/1qu89to/how_to_automate_your_workflow_using_agent_mode_in/,"workflow, automate","Agent Mode is a new tool in Copilot for Microsoft Excel that allows professionals build and edit workbooks side by side with Copilot. Microsoft claims that Agent Mode is best for complex, multi-step t"
2,AIinBusinessNews,I Made ChatGPT Agent Mode Run Claude AI to Automate a Full Workflow (Step-by-Step),/u/ai_tech_simp,2026-01-04T07:39:30+00:00,https://www.reddit.com/r/AIinBusinessNews/comments/1q3jx04/i_made_chatgpt_agent_mode_run_claude_ai_to/,"workflow, automate","In this article, we will do something more creative and a little different; we'll make ChatGPT Agent mode use Claude AI and vibe-code a macOS simulation. While we previously showed a few tasks you can"
2,AIinBusinessNews,10 ChatGPT Prompts and Features to Automate Your Workflow in 2026,/u/ai_tech_simp,2025-12-14T13:23:57+00:00,https://www.reddit.com/r/AIinBusinessNews/comments/1pmdz19/10_chatgpt_prompts_and_features_to_automate_your/,"workflow, automate","ChatGPT is already very capable, and in this article, we'll show you ChatGPT prompts and features you can use to automate your workflow in 2026.  1. Deep Research:  Instead of searching for an answer "
2,AffiliateMarketing247,Do you use any automation tools for your blogging workflow? What's been helpful?,/u/Reasonable_Lab136,2026-01-28T11:13:07+00:00,https://www.reddit.com/r/AffiliateMarketing247/comments/1qp8k5b/do_you_use_any_automation_tools_for_your_blogging/,"workflow, automation","I'm curious what other bloggers are using to save time. Whether it's scheduling tools, AI writing assistants, or anything else - what's actually working for you? I've been experimenting with different"
2,Affiliatemarketing,Making $2k monthly teaching niche software skills - affiliate commissions now higher than course sales,/u/Independent_Plum_489,2026-02-04T14:36:07+00:00,https://www.reddit.com/r/Affiliatemarketing/comments/1qvq6mp/making_2k_monthly_teaching_niche_software_skills/,"workflow, automate",been creating software tutorial content for about 14 months. started with youtube but realized I could package the knowledge into paid courses and make actual money. teach people how to use specific d
2,AgencyAutomation,Looking for AI agencies to test a new workflow automation system,/u/One-Photograph8443,2026-01-19T18:35:12+00:00,https://www.reddit.com/r/AgencyAutomation/comments/1qhci9n/looking_for_ai_agencies_to_test_a_new_workflow/,"workflow, automation","Hey everyone, We’re currently building a white-label AI execution system for agencies. It replaces manual business communication with a system that runs inbound and outbound conversations across Whats"
2,AgencyAutomation,Local Pinterest automation triggered by file creation (Python),/u/Valentin_Arrow0,2026-01-17T20:20:37+00:00,https://www.reddit.com/r/AgencyAutomation/comments/1qfnpqm/local_pinterest_automation_triggered_by_file/,"workflow, automation","I’ve been working on a local automation for my own workflow and figured it might be interest. Basically, whenever I export an image (PNG/JPG/etc.) into a specific folder, the script detects it and aut"
2,AgencyAutomation,Starting an automation agency!!,/u/Low-Mention-4807,2025-12-02T16:04:10+00:00,https://www.reddit.com/r/AgencyAutomation/comments/1pccahr/starting_an_automation_agency/,"workflow, automation",Hey folks I am new this this automation world...but would like to start an agency...like I do have a knowledge about workflow...but I don't know which niche to choose and how to find a client and deli
2,AgencyAutomation,Agency owners: How much do you Firefight Broken Checkouts of your clients store?,/u/devatbsh,2025-11-13T16:23:28+00:00,https://www.reddit.com/r/AgencyAutomation/comments/1ow5gqc/agency_owners_how_much_do_you_firefight_broken/,"time-consuming, automate","The pain I keep hearing from Agencies: Testing 10-20 client stores after Shopify updates or theme changes is time-consuming. Manually checking checkout, search, filters, etc. takes hours. And if somet"
2,AgencyRideAlong,Does anyone know a WhatsApp Paid Membership Solution,/u/nlbuilds,2025-01-10T20:10:25+00:00,https://www.reddit.com/r/AgencyRideAlong/comments/1hydnbb/does_anyone_know_a_whatsapp_paid_membership/,"workflow, integration",I am looking for a paid community on WhatsApp. I have seen Nas.io and Subbb.me but Subbb is not taking active members anymore - so I'm not sure.  I like Nas - it works but I need this functionality...
2,AiForSmallBusiness,Building a Discord community to brainstorm AI ideas for small businesses - looking for collaborators,/u/Different-Comment-44,2026-02-07T15:07:50+00:00,https://www.reddit.com/r/AiForSmallBusiness/comments/1qyg56s/building_a_discord_community_to_brainstorm_ai/,"appointment scheduling, analytics","Hey everyone, I recently started a Discord server focused on one simple goal: brainstorming practical AI ideas for small businesses. Not AI hype or vague theory - but real, grounded discussions like: "
2,AiForSmallBusiness,The Hidden Challenge of Cloud Costs: Knowing What You Don't Know,/u/ask-winston,2026-02-06T18:30:20+00:00,https://www.reddit.com/r/AiForSmallBusiness/comments/1qxpq8l/the_hidden_challenge_of_cloud_costs_knowing_what/,"analytics, optimize","You may have heard the saying, ""I know a lot of what I know, I know a lot of what I don't know, but I also know I don't know a lot of what I know, and certainly I don't know a lot of what I don't know"
2,AiForSmallBusiness,A simple AI workflow that saves me hours on small client tasks,/u/ShadoWhawk677,2026-02-06T15:58:03+00:00,https://www.reddit.com/r/AiForSmallBusiness/comments/1qxlg8l/a_simple_ai_workflow_that_saves_me_hours_on_small/,"workflow, automate",Running small client work taught me something fast: it’s not the big projects that drain time it’s the constant “quick” requests. A caption tweak here. A promo asset there. Small things that quietly e
2,AiForSmallBusiness,"The Future of eCommerce Connectors: AI Automation, Headless Integration & Multi-Channel Mastery in 2026",/u/Educational_Two7158,2026-02-06T12:41:12+00:00,https://www.reddit.com/r/AiForSmallBusiness/comments/1qxgk2a/the_future_of_ecommerce_connectors_ai_automation/,"integration, automation",submitted by    /u/Educational_Two7158   [link]   [comments]
